#node1	node2	node1_string_id	node2_string_id	neighborhood_on_chromosome	gene_fusion	phylogenetic_cooccurrence	homology	coexpression	experimentally_determined_interaction	database_annotated	automated_textmining	combined_score
EPOR	SOCS3	9606.ENSP00000222139	9606.ENSP00000330341	0	0	0	0	0	0.520	0	0.812	0.906
EPOR	JAK1	9606.ENSP00000222139	9606.ENSP00000499900	0	0	0	0	0	0.091	0.800	0.842	0.968
EPOR	STAT5B	9606.ENSP00000222139	9606.ENSP00000293328	0	0	0	0	0.056	0	0.500	0.947	0.972
EPOR	STAT5A	9606.ENSP00000222139	9606.ENSP00000341208	0	0	0	0	0.047	0.622	0.500	0.950	0.989
EPOR	JAK2	9606.ENSP00000222139	9606.ENSP00000371067	0	0	0	0	0	0.962	0.800	0.997	0.999
GHR	STAT5B	9606.ENSP00000483403	9606.ENSP00000293328	0	0	0	0	0	0.603	0.500	0.897	0.977
GHR	STAT5A	9606.ENSP00000483403	9606.ENSP00000341208	0	0	0	0	0	0.413	0.500	0.769	0.926
GHR	JAK2	9606.ENSP00000483403	9606.ENSP00000371067	0	0	0	0	0.042	0.787	0.900	0.985	0.999
IFNG	STAT3	9606.ENSP00000229135	9606.ENSP00000264657	0	0	0	0	0.058	0	0	0.905	0.907
IFNG	SOCS1	9606.ENSP00000229135	9606.ENSP00000496577	0	0	0	0	0.197	0	0.500	0.812	0.917
IFNG	IL12RB2	9606.ENSP00000229135	9606.ENSP00000262345	0	0	0	0	0.207	0	0.650	0.833	0.949
IFNG	IL12RB1	9606.ENSP00000229135	9606.ENSP00000470788	0	0	0	0	0.205	0	0.650	0.852	0.955
IFNG	IL23R	9606.ENSP00000229135	9606.ENSP00000321345	0	0	0	0	0.117	0	0.650	0.879	0.959
IFNG	IL6	9606.ENSP00000229135	9606.ENSP00000385675	0	0	0	0	0.128	0	0	0.981	0.983
IFNG	STAT1	9606.ENSP00000229135	9606.ENSP00000354394	0	0	0	0	0.131	0	0.500	0.971	0.986
IFNG	JAK1	9606.ENSP00000229135	9606.ENSP00000499900	0	0	0	0	0.057	0	0.900	0.939	0.993
IFNG	JAK2	9606.ENSP00000229135	9606.ENSP00000371067	0	0	0	0	0.109	0	0.900	0.989	0.998
IFNG	IFNGR1	9606.ENSP00000229135	9606.ENSP00000356713	0	0	0.284	0	0	0.985	0.900	0.998	0.999
IFNG	IFNGR2	9606.ENSP00000229135	9606.ENSP00000371425	0	0	0	0	0	0.926	0.500	0.997	0.999
IFNGR1	STAT1	9606.ENSP00000356713	9606.ENSP00000354394	0	0	0	0	0.124	0.837	0.900	0.977	0.999
IFNGR1	IL6	9606.ENSP00000356713	9606.ENSP00000385675	0	0	0	0	0.087	0	0.650	0.788	0.926
IFNGR1	SOCS1	9606.ENSP00000356713	9606.ENSP00000496577	0	0	0	0	0.083	0.198	0.500	0.933	0.972
IFNGR1	TYK2	9606.ENSP00000356713	9606.ENSP00000431885	0	0	0	0	0.083	0.065	0.900	0.760	0.976
IFNGR1	IFNGR2	9606.ENSP00000356713	9606.ENSP00000371425	0	0	0	0	0.189	0.900	0.500	0.999	0.999
IFNGR1	JAK2	9606.ENSP00000356713	9606.ENSP00000371067	0	0	0	0	0.146	0.525	0.900	0.993	0.999
IFNGR1	JAK1	9606.ENSP00000356713	9606.ENSP00000499900	0	0	0	0	0.151	0.634	0.900	0.997	0.999
IFNGR2	STAT1	9606.ENSP00000371425	9606.ENSP00000354394	0	0	0	0	0.106	0	0.500	0.819	0.912
IFNGR2	JAK2	9606.ENSP00000371425	9606.ENSP00000371067	0	0	0	0	0.105	0.345	0.900	0.995	0.999
IFNGR2	IL12RB1	9606.ENSP00000371425	9606.ENSP00000470788	0	0	0	0	0.105	0	0	0.893	0.900
IFNGR2	JAK1	9606.ENSP00000371425	9606.ENSP00000499900	0	0	0	0	0.079	0.095	0.500	0.996	0.998
IL12RB1	IL12RB2	9606.ENSP00000470788	9606.ENSP00000262345	0	0	0	0	0.082	0.228	0.900	0.999	0.999
IL12RB1	STAT3	9606.ENSP00000470788	9606.ENSP00000264657	0	0	0	0	0.085	0.091	0.900	0.751	0.976
IL12RB1	IL23R	9606.ENSP00000470788	9606.ENSP00000321345	0	0	0	0	0.102	0.852	0.900	0.998	0.999
IL12RB1	JAK2	9606.ENSP00000470788	9606.ENSP00000371067	0	0	0	0	0.112	0.087	0.900	0.988	0.998
IL12RB1	IL6	9606.ENSP00000470788	9606.ENSP00000385675	0	0	0	0	0.101	0.203	0.650	0.720	0.920
IL12RB1	TYK2	9606.ENSP00000470788	9606.ENSP00000431885	0	0	0	0	0.106	0.095	0.900	0.997	0.999
IL12RB1	JAK1	9606.ENSP00000470788	9606.ENSP00000499900	0	0	0	0	0.084	0.091	0.900	0.602	0.962
IL12RB2	IL6	9606.ENSP00000262345	9606.ENSP00000385675	0	0	0.242	0	0	0	0.650	0.805	0.943
IL12RB2	TYK2	9606.ENSP00000262345	9606.ENSP00000431885	0	0	0	0	0	0	0.900	0.946	0.994
IL12RB2	JAK2	9606.ENSP00000262345	9606.ENSP00000371067	0	0	0	0	0.047	0.292	0.900	0.983	0.998
IL23R	STAT3	9606.ENSP00000321345	9606.ENSP00000264657	0	0	0	0	0.086	0	0.900	0.802	0.980
IL23R	IL6	9606.ENSP00000321345	9606.ENSP00000385675	0	0	0.240	0	0.089	0	0.650	0.763	0.934
IL23R	TYK2	9606.ENSP00000321345	9606.ENSP00000431885	0	0	0	0	0.086	0	0.800	0.895	0.979
IL23R	JAK2	9606.ENSP00000321345	9606.ENSP00000371067	0	0	0	0	0.098	0	0.900	0.953	0.995
IL6	STAT3	9606.ENSP00000385675	9606.ENSP00000264657	0	0	0	0	0.102	0.095	0.500	0.965	0.984
IL6	SOCS3	9606.ENSP00000385675	9606.ENSP00000330341	0	0	0	0	0.236	0	0.500	0.874	0.947
IL6	LEPR	9606.ENSP00000385675	9606.ENSP00000330393	0	0	0	0	0	0	0.650	0.733	0.902
IL6	STAT1	9606.ENSP00000385675	9606.ENSP00000354394	0	0	0	0	0.110	0.087	0.500	0.941	0.972
IL6	JAK2	9606.ENSP00000385675	9606.ENSP00000371067	0	0	0	0	0.092	0	0.900	0.952	0.995
IL6	TYK2	9606.ENSP00000385675	9606.ENSP00000431885	0	0	0	0	0.104	0	0.500	0.972	0.986
IL6	JAK1	9606.ENSP00000385675	9606.ENSP00000499900	0	0	0	0	0.077	0.224	0.900	0.960	0.996
IRS1	JAK1	9606.ENSP00000304895	9606.ENSP00000499900	0	0	0	0	0.042	0.539	0.400	0.776	0.933
IRS1	SOCS1	9606.ENSP00000304895	9606.ENSP00000496577	0	0	0	0	0	0.608	0.900	0.610	0.983
IRS1	SOCS3	9606.ENSP00000304895	9606.ENSP00000330341	0	0	0	0	0	0.299	0.900	0.815	0.985
IRS1	JAK2	9606.ENSP00000304895	9606.ENSP00000371067	0	0	0	0	0	0.647	0.900	0.904	0.996
IRS1	PTPN11	9606.ENSP00000304895	9606.ENSP00000489597	0	0	0	0	0	0.981	0.900	0.987	0.999
JAK1	STAT3	9606.ENSP00000499900	9606.ENSP00000264657	0	0	0	0	0.184	0.839	0.900	0.999	0.999
JAK1	STAT5B	9606.ENSP00000499900	9606.ENSP00000293328	0	0	0	0	0.132	0.472	0.900	0.985	0.999
JAK1	SOCS3	9606.ENSP00000499900	9606.ENSP00000330341	0	0	0	0	0.070	0.553	0.900	0.994	0.999
JAK1	STAT5A	9606.ENSP00000499900	9606.ENSP00000341208	0	0	0	0	0.100	0.472	0.900	0.985	0.999
JAK1	STAT1	9606.ENSP00000499900	9606.ENSP00000354394	0	0	0	0	0.091	0.875	0.900	0.999	0.999
JAK1	JAK2	9606.ENSP00000499900	9606.ENSP00000371067	0	0	0	0.908	0.113	0.510	0.900	0.982	0.999
JAK1	TYK2	9606.ENSP00000499900	9606.ENSP00000431885	0	0	0.070	0.923	0.049	0.292	0.900	0.983	0.998
JAK1	PTPN11	9606.ENSP00000499900	9606.ENSP00000489597	0	0	0	0	0.082	0.750	0.900	0.772	0.994
JAK1	SOCS1	9606.ENSP00000499900	9606.ENSP00000496577	0	0	0	0	0.102	0.624	0.900	0.982	0.999
JAK2	STAT3	9606.ENSP00000371067	9606.ENSP00000264657	0	0	0	0	0.107	0.885	0.900	0.999	0.999
JAK2	STAT5B	9606.ENSP00000371067	9606.ENSP00000293328	0	0	0	0	0.144	0.718	0.900	0.997	0.999
JAK2	SOCS3	9606.ENSP00000371067	9606.ENSP00000330341	0	0	0	0	0.106	0.923	0.900	0.996	0.999
JAK2	LEPR	9606.ENSP00000371067	9606.ENSP00000330393	0	0	0	0	0.060	0.928	0.900	0.904	0.999
JAK2	STAT5A	9606.ENSP00000371067	9606.ENSP00000341208	0	0	0	0	0.134	0.802	0.900	0.997	0.999
JAK2	STAT1	9606.ENSP00000371067	9606.ENSP00000354394	0	0	0	0	0.242	0.838	0.900	0.996	0.999
JAK2	TYK2	9606.ENSP00000371067	9606.ENSP00000431885	0	0	0.071	0.877	0.089	0.292	0.800	0.982	0.997
JAK2	PTPN11	9606.ENSP00000371067	9606.ENSP00000489597	0	0	0	0	0.075	0.750	0.900	0.947	0.998
JAK2	SOCS1	9606.ENSP00000371067	9606.ENSP00000496577	0	0	0	0	0.122	0.896	0.900	0.994	0.999
LEPR	STAT3	9606.ENSP00000330393	9606.ENSP00000264657	0	0	0	0	0	0.068	0.500	0.845	0.921
LEPR	SOCS3	9606.ENSP00000330393	9606.ENSP00000330341	0	0	0	0	0	0.518	0.900	0.896	0.994
LEPR	PTPN11	9606.ENSP00000330393	9606.ENSP00000489597	0	0	0	0	0	0.605	0.500	0.584	0.910
PTPN11	STAT3	9606.ENSP00000489597	9606.ENSP00000264657	0	0	0	0	0.087	0.526	0.500	0.935	0.984
PTPN11	STAT5B	9606.ENSP00000489597	9606.ENSP00000293328	0	0	0	0	0.065	0.315	0.800	0.743	0.962
PTPN11	STAT5A	9606.ENSP00000489597	9606.ENSP00000341208	0	0	0	0	0.063	0.526	0.800	0.742	0.974
PTPN11	STAT1	9606.ENSP00000489597	9606.ENSP00000354394	0	0	0	0	0.076	0.439	0.500	0.868	0.961
PTPN11	TYK2	9606.ENSP00000489597	9606.ENSP00000431885	0	0	0	0	0.082	0.333	0.900	0.481	0.964
SOCS1	STAT3	9606.ENSP00000496577	9606.ENSP00000264657	0	0	0	0	0.143	0.107	0.650	0.816	0.944
SOCS1	STAT5B	9606.ENSP00000496577	9606.ENSP00000293328	0	0	0	0	0.083	0.107	0.650	0.774	0.926
SOCS1	SOCS3	9606.ENSP00000496577	9606.ENSP00000330341	0	0	0	0.732	0.306	0	0.900	0.590	0.969
SOCS1	STAT5A	9606.ENSP00000496577	9606.ENSP00000341208	0	0	0	0	0.122	0.107	0.650	0.767	0.927
SOCS1	STAT1	9606.ENSP00000496577	9606.ENSP00000354394	0	0	0	0	0.148	0.107	0.650	0.887	0.966
SOCS1	TYK2	9606.ENSP00000496577	9606.ENSP00000431885	0	0	0	0	0.105	0.450	0.900	0.990	0.999
SOCS3	STAT3	9606.ENSP00000330341	9606.ENSP00000264657	0	0	0	0	0.297	0.340	0.750	0.961	0.994
SOCS3	STAT5B	9606.ENSP00000330341	9606.ENSP00000293328	0	0	0	0	0.098	0.107	0.650	0.689	0.900
SOCS3	STAT5A	9606.ENSP00000330341	9606.ENSP00000341208	0	0	0	0	0.118	0.107	0.650	0.682	0.900
SOCS3	STAT1	9606.ENSP00000330341	9606.ENSP00000354394	0	0	0	0	0.122	0.107	0.900	0.865	0.988
SOCS3	TYK2	9606.ENSP00000330341	9606.ENSP00000431885	0	0	0	0	0.086	0.127	0.900	0.992	0.999
STAT1	STAT3	9606.ENSP00000354394	9606.ENSP00000264657	0	0	0.064	0.947	0.192	0.874	0.900	0.982	0.999
STAT1	STAT5B	9606.ENSP00000354394	9606.ENSP00000293328	0	0	0	0.732	0.090	0	0.650	0.879	0.958
STAT1	STAT5A	9606.ENSP00000354394	9606.ENSP00000341208	0	0	0	0.722	0.115	0.387	0.650	0.858	0.969
STAT1	TYK2	9606.ENSP00000354394	9606.ENSP00000431885	0	0	0	0	0.093	0.472	0.900	0.953	0.997
STAT3	TYK2	9606.ENSP00000264657	9606.ENSP00000431885	0	0	0	0	0.107	0.285	0.900	0.959	0.997
STAT3	STAT5A	9606.ENSP00000264657	9606.ENSP00000341208	0	0	0	0.738	0.181	0	0.900	0.974	0.997
STAT3	STAT5B	9606.ENSP00000264657	9606.ENSP00000293328	0	0	0	0.742	0.175	0.387	0.900	0.968	0.998
STAT5A	STAT5B	9606.ENSP00000341208	9606.ENSP00000293328	0	0	0.048	0.985	0.252	0.312	0.900	0.127	0.949
STAT5A	TYK2	9606.ENSP00000341208	9606.ENSP00000431885	0	0	0	0	0.111	0.285	0.650	0.930	0.982
STAT5B	TYK2	9606.ENSP00000293328	9606.ENSP00000431885	0	0	0	0	0.160	0.285	0.650	0.934	0.984
